148225071860192,Collaborateur,1
146106045415201,Companion,1
143230425698482,Data Analyst,1
140250116006504,HRM,1
110061552347373,Business Collaborator,1
146751435347861,Director of Center,1
148330128516543,Retail Bank Officer,1
150900291624936,Excecutive Secretary 1 LC IPB,1
115561985159276,Change Agent,1
108343805886009,PR & Marketing,2
171457842924288,Tả Hộ Pháp,1
148765585144821,siêu dự bị,1
115978565117122,Government Relations Intern,1
1546574982246450,Trưởng bộ phận phục vụ bạn đọc,1
109999845745000,12 Địa,1
1561459714132274,Delegate,1
519635294822160,Hội trưởng hội người cao tuổi,1
142569272431124,Nông dân,2
405255476320396,Studying Business English,1
133215456724848,Process Engineering Staff,1
105025149538049,prer,1
446029878885761,Coach,3
123474851004234,Hà Nam,1
187975127917883,Production (music),1
115600555157638,Programme Assistant,1
493626217404834,Học sinh ,2
165600376861040,Phó Ban Truyền Thông,2
109283095756542,Bank Teller,1
618206574886794,Thành viên nhí nhố nhà Lacoxau,1
112150858802128,Nothing,1
118032844916147,Bến xe,1
145094798842566,Retail Director,1
1669111093303165,Cameraman / Media Team,1
148622711817815,top 10,2
144214355594774,Chief Organizer,2
160863007316352,สมาชิก,1
132369180137234,Head of Training Department,1
188832751141299,Cậu Chủ,1
116423418405902,International Relation manager,1
112088245473437,Consultant,8
241671695999590,Súyt Ăn Hại :<,1
1120624614632684,LPY 2015,1
1659187340963930,Ủy viên BCH khoa NN&VH Trung Quốc,1
1500940913477643,Celebrator,1
905164796194668,Salesman,1
339136072797990,Trẻ trâu,1
107158106004239,Digital Marketer,1
108941919123952,Leader,16
1569971536557411,ĐỘI KỊCH,1
164094033614899,Guitarist/Backing Vocalist,1
129408123770350,Truck Driver,1
148164731866503,Sales & Marketing,1
237247512988646,Soc sien,1
184880835009479,Con Trai,1
1552121075012600,Store Owner,2
1706719222939908,quản lý của 6 đứa hâm,1
168940463157279,Training and Education staff,1
110131032370762,Tổ trưởng,1
1565346380401087,Leader CunCun crew,1
140346652662420,Communication Officer,1
125772844132436,SEO Content Writer,1
928839880482538,K59 UET-CN,1
214397358585267,Thành viên Ban truyền thông,1
1756977507855848,No Colour,1
572848749462919,Central Student Fund Accountant,1
191464057539214,Uppsala,1
122175567830037,Customer Experience Manager,1
148864261791461,DJ,1
323750701148630,Photography Colorist,1
119311491435338,lonton high,1
112303612129140,Business Consultant,1
918504601558922,President ăn hại,1
175960482447045,ex leader,1
138673199505663,Part-time Lecturer,1
340140699396439,Vice President of Outgoing Global Internship Programme,1
118600291488885,Manager,54
135251963194547,Đội trưởng đội chém gió,2
527869277354942,Director of Education,1
339537659470213,CTV Viết bài,1
256325754525510,Phó Chủ nhiệm không biết nhảy không biết hát không biết đánh đàn nhưng là con dâu của bố Chủ nhiệm =)))))),1
103113846395744,Chief Communications Officer,2
1402823110030009,Manicurist,1
137174112986640,Event Coordinator,2
355776408665,Little Child,1
203693806325867,chẳng là gì,1
966597093384504,PV -BTV,1
358166217589426,female,1
468720669930156,Ta quang tuu,1
924644650989052,nhan dan anh hung,1
137569302948839,Audio Technician,1
366073940105032,Coach,2
680738318696621,Phó chủ tịch Hội sinh viên,1
1506519359601045,Marketing Management,2
139434096083540,Social Media Researcher,1
915050708542502,Remote Soldier,1
104701476358329,Chief of Export,1
1408020982834780,Data Analyst,1
655490837817496,Chủ nhiệm,1
816488821778019,Chủ tịch hội liên hiệp Hoạt Hình,1
137050866329716,Academic Officer,1
1596223157280831,COO,1
1136559609743504,Quản lý  tuyển dụng viên,1
108251295896893,Student Ambassador,1
1616428585248828,shim,1
154740274542786,Supporters,1
1447760332184961,Co-Founder/ Head of Marketing & Communication Department,1
420490178113516,Marketing Assistant,1
360777467379636,Member of Content Creator Dept.,1
258081577584202,Founder  Photographer,1
203060566375253,fixed staff,1
1065365403479939,Accountant,2
149760815173401,Bảo Mẫu kiêm Ôsin hạng sang,1
110394418981692,Studying,78
331131950382486,giảm chỗ trống và chống yên tĩnh,1
109439219074169,Project Manager,13
137812729584587,Junior Financial Controller,1
239578419569106,Thành Viên vẫn bị điên,1
137350576300131,Sales Department,1
1623998984489410,Nemoer,1
1652163118399534,Đại sứ Truyền Thông,1
923488561017766,Intern Architect,1
108557729176298,Brand Ambassador,1
106026479429677,Commander-in-chief,1
147409095367152,leader of ETDC,1
115821498468152,Trainee Manager,1
397241750336583,Director of research center on curriculum development,1
128724263838406,Accounts Assistant,1
373312476171511,Freelancer,1
413305618780461,Tìm hiểu Zing Me,1
143752332315027,Sale & Marketing,1
655237777938527,Sales Clerk,1
1084016958291575,Direção de Regulação e Mercados - Planeamento Económico,1
125435500812015,Ăn hại,1
490990670997724,MAKE IT REAL SOMEDAY,1
115532241831889,Cleaner,1
132563520113409,Designer/Editor,1
848879518517557,OFFICIAL Twincle Program FB Account,1
504895226290702,Vợ Ú,1
235889676566832,Nemo cave =)),1
124442727602022,Owner,2
518173071634299,Đại ca - K38D1,1
124954177551012,Service Manager,1
1026937084048541,Cựu Liên Chi Chi Hội Trưởng Khoa Ngôn Ngữ và Văn Hóa Nga,1
108464855840777,Teacher,25
187558374782042,Thành viên chủ chốt của ban Nội san chuyên đáp đá hội nghị và tổ chức ăn chơi xuyên quốc gia =))),1
1702655906615679,Media Project Executive,1
181482435249373,External Relations Department,1
141391259225996,Co-Leader,1
133672939997034,Investment Banking Summer Analyst,1
442421202451083,Receptionist,1
204464096311227,Ủy viên BCH Đoàn,2
241606462602365,Tôi là sinh viên,2
1509540626025297,Bí Thư Chi Đoàn K60,1
1472760452974920,Ban tài chính đối ngoại,1
1511071859106096,Cha Thằng Bé,1
128665390511976,TA,1
151786581500839,Head of Public Relations,1
155238801174019,External Affairs Department,1
191321604365067,Organizing Committee President of ILEAD National Conference 2014,1
106581779398789,Administrative Assistant Intern,1
115139985230604,Ủy viên BCH Đoàn trường,2
166608560061843,Thủy Thủ,1
986304154744472,Former Vice-Dean,1
130875350283931,CEO & Founder,12
246277848819933,Content Creator/Administrator,1
1455608794714697,Boss - Sports Director - Coach & Defender,1
104081222960818,Guitarist,2
105309162858340,Uploader,1
114951541852109,System Manager,2
260984503938875,Giám đốc thể thao,1
1375135486080251,Founder & Couturier,1
393271727392568,Ủy viên BTV Đoàn trường,1
609045139128822,Trưởng ban Xã Hội,1
656334314495930,Team Leader/Manager tournant in F&B departments,1
372450376229407,làm công ăn lương,1
269065546530940,Quản trị kinh doanh,1
173060862802472,Information Technology,1
230978203762305,Cô chủ nhỏ,1
100619776661690,MEM,1
366846030185178,Local Committee Vice-President | Finance&Governance,1
547722418764200,Giảng Viên Khối Shounen,1
714065682021874,Athlete,1
375878347977,Mc Radio,1
144558248896655,Deputy Secretary,2
307434679456884,Chief Executive Officer,1
1518003231771709,Chủ nhiệm CLB guitar,1
137935629560113,Member Support,1
331004610278379,Rebel,1
614448638588666,Canh Sat 113,1
171072302938537,BCH Đoàn,1
142374545777154,Creative Team Member,1
186596581392824,Senior Public Relation Executive,1
138324602853293,Orientation Group Leader,2
433025076882317,Leader of Popularizing Revolutionary Songs Team,1
195477930465353,Blogger & Reblogger,1
171246119734637,Studying Computer Science,1
121352317912756,Volunteer Coach,1
183322601680510,Quận thanh xuân,1
108052475882302,Board of directors,1
183861164967987,Managing Director,3
145657592149783,Bí thư Đoàn trường,2
145168148833720,Quản Trị Viên,1
1550775988486236,Camera Operator ,1
138725296155485,Content Creator,3
214180125602839,Khối trưởng khối 2 khoa KTQT,1
356651271187180,Caregiver,1
756673244412392,Viết bậy,1
236038419802072,Co-Founder & Creative Director,1
108390375881262,General Director,1
139579106399850,Quản lý (Management) & Chuyên viên đào tạo (Training officer),1
101876949854311,Sound Man,1
143484518995855,Head of Human Resources Department,1
452757258076330,Chuyên gia tư vấn chiến lược,1
136531599728233,Talent Division,2
176897329014131,Head bullshiter,1
795026950573364,Head Cashier,1
141755132514491,CDO,1
109478355744641,Scientist,1
831192550324652,Trưởng nhóm tư vấn áp dụng Quản Trị Tinh Gọn vào Doanh nghiệp tổ chức,1
1401796130127786,Quality Checker,1
450254518333030,Ăn và Chơi,2
108391169215197,Stagiare,1
143643252321199,Sale & Marketing Executive,1
336077936504025,Đội phó nhiệm kỳ XV,1
109499365887664,Phó Chủ Nhiệm Truyền thông,1
1567111563564588,Coreteam leader,2
133180773461909,SV,4
119740894759211,Content Marketing,1
140637295980950,Vocal & Guitarist,1
1492144607699719,✰ Kul Giáo Chủ ✰,1
120006341381799,MEI,1
103103573081471,Nhan vien,2
105737456148365,Freestyler,2
1639567676302877,Administrator & Vice President,1
689364684483605,Chym nhà Angry,1
253590341336029,Organizing Board,1
131820653632692,BCH Liên Chi Đoàn,1
137824172925057,Chuyên viên,6
1546261705634698,Immigration Officer,1
1421605594799935,Content Editor,5
274723025974293,học sinhh,1
709152705822571,Manager Ộppa,1
134849086554452,PR Internship,1
262855083857469,OGL,2
109380892414797,Management,1
1025260080882646,Đội phó đội Tổ chức Sự kiện,1
136219309771794,Thành viên VIP,2
697428423664038,Hậu Cần so cute tại Người Việt Trẻ,1
164083223691303,Control Council of Local Committee IAAS LC IPB,1
138036622903468,TM,1
464766810281574,Học sinh chăm ngoan,1
284732988535710,Marketing Executive (Content & Communities),1
1719208111700731,Liên chi Hội Trưởng khoa Xã hội học trường ĐH Khoa Học Xã Hội và Nhân Văn,1
119744494708712,Handmade Designer,1
104067452961978,Midfielder,4
119592164756516,Intern Researcher,1
103420893047671,Business Development Intern,1
183939874958462,Manager of Academic and Testing,1
258711290937427,Đại học bách khoa Hà Nội,1
108838525840569,Co-Founder  CCO,1
322575117783756,Citizen,1
138020566238609,worker,1
739450879520110,Creative / Visual Designer & Artist / Marketing Communications,1
654170717970441,Liberalist,1
106011616105574,Students,10
148946585120465,GX,1
617574648351679,Chim nhỏ đáng yêu,1
1442893032648245,HR Overseas Intern,1
1539844809593113,Student Assistant  Tutor,1
1301069423253994,K14 Student studying Accounting  Analysing and Auditing,1
614424435315008,Associate of Communications,1
860400690649729,Manager-Illustrator,1
107889169231652,Captain (nautical),1
113070362076598,Relations Manager,1
880755918631370,Tim To,1
244888708963245,ăn hại,3
105344946227305,Gao vàng :">,1
218866598135031,Trưởng Ban Truyền Thông,7
130754760299252,Sai vặt,1
138212589552356,Designer,2
112237825459822,Assistant Manager,3
108577199167497,Presenter,3
359030864223063,Tourguide,1
137081429661437,Volunteer,18
149239591756313,Account Planner,1
851028201656019,Xung Kích - er,1
155162791205006,Video Editor / Videographer / Photographer,1
1624581581160398,Lái xe hút,1
211190305589999,Sales Master,1
130888693763266,Dân thường chơi đẹp! Đè bẹp dân chơi.,2
994332920659948,Media Production Team / Videographer / Art Designer,1
141646845862741,Bảo vệ,2
133531750020912,Executive Producer/Creative Director,1
143765918980619,Corporate Sales Executive,1
138647112820615,Business Development Writer,1
106216656075289,Model (person),5
262132363820759,Captain (association football),1
108132485910453,Gác cổng,1
150011428370594,Ban Tổ chức,8
137624209609429,Giảng viên,5
109861219064569,Co-Founder/CEO,1
139754172737815,Culi cao cấp,1
308414692701072,BCH Đoàn Thanh niên - HSV Đại học Ngoại ngữ,1
781496871929406,nhân viên ban hành chính,1
172513532930319,Tân sinh viên,1
141484659197241,PR & Marketing Executive,1
516659181869000,học sinh k21,1
115794861804436,Nightfill,1
135252636595110,Founder,13
136288863077824,Freelance Graphic Designer/Illustrator,1
110511128976985,Talent Scout,1
498518780350001,Singer  beatboxer  dancer,1
120932477960217,Senior Senator,1
110122949188254,Webteam Head Manager,1
971253162886861,Trưởng ban Kịch nghệ,1
1408644022725410,Lớp trưởng 11K3,1
1557574254560580,Phó Phòng Kinh Doanh Mercedes-Benz Haxaco,1
158134414214399,Telecounsler,1
412390968797977,V.O.,1
367021223490594,Leader,6
1410438202592869,Management Trainee,1
1055086364507156,Monitor Worker,1
362390303862911,Chuột mẹ,1
581791238650336,Chủ cửa hàng (Store Owner) kiêm Giám đốc sáng tạo (Creative...,1
1541519636114557,Brand Manager,1
136794323018166,ĐẠI CA,1
113336302051836,Talent Development Specialist,1
113118038704119,Khoa Văn Học,1
1470229386571351,Companion,2
446538495477206,Bí Thư 12A1 Tin,1
134803393224921,English and Mathematics Teacher,1
391448997586222,Bộ trưởng bộ chém gió,1
111947212152831,Barista,1
206123479418725,Ban Tổ Chức Sự Kiện,1
596486093798905,Bảo mẫu tại gia,1
1435402110045499,Desinger  Photography  Webmaster,1
323584931103406,Dancer/DJ/Singer,1
114761648574569,Toilet Bowl Cleaner,1
150133398330823,Flyer,1
125035921025646,Marketing Development Executive – Children Program,1
142901055739361,PCT,1
206994582660246,Clerk,1
366006570130039,Ban Việc làm - Đối ngoại,1
219645951400191,Chủ Tịch,5
484573308256865,Fortune-teller & Witch,1
391237170992811,Học sinh ngoan ngoãn,1
129096890484614,GX Manager,1
1411825089071723,học sinh,3
379738555405693,HR,1
146669722026365,Nhân viên sales,1
140590479314558,Freelance Copywriter/Editor,1
639419326162856,Art Director,1
133980626643978,Helper,1
251999948165372,Boss giấu mặt,1
210841695625603,Social Media/Writer,1
1415676168728288,Owner Operator,1
1556259084646347,Newspaper Journalist,1
126400020766341,Marketing & PR Representative,1
1090379921014848,Sales Agent "American Express",1
401917246644635,Sales/Marketing,3
732915796802842,Lecturer,4
205592199475782,Sale control Staff,1
450352598431766,chạy lăng xăng,1
602182053256112,Là một bông hoa đẹp =)),1
141967775950125,Lớp phó văn nghệ,1
1676361942616869,Lạc con mới nở,1
557984724356938,Driver Loyalty Executive,1
1558696991036544,Project Leader,2
327302924036548,Chuối CTV,1
795772490496894,Technical Recruiter,1
235219956684852,Chị Khối trưởng,1
128875037157602,Sales Assistant,2
472069239598209,Studying Banking and finance,1
454608991352841,Event Organizer,5
148396315197739,Go Vap district,1
438349489643471,social marketing,1
148051191874825,Assistant Teacher,2
136265899727183,Investment Banking Intern,1
112892498724794,Management,42
103013779751703,Tổng Biên tập,2
164860676885666,BÍ THƯ ĐOÀN,1
173010852872477,New student orientation  part-time student staff,1
225458064328277,Ô xin,1
140708899285969,Big Fan,1
124933924240159,thiên thần,1
1713859585517792,Board Chairman's Assistant,1
1415070138788243,Music Manager,1
1404592596232977,Sáng lập viên / Chủ nhiệm,1
542425512539337,Freelancer (Freelance) Writer,1
128829950494394,Content Developer,1
181314218551163,Đoàn viên,1
138422839663756,cô gái hay nhăn nhở,1
449330338430934,Lyoko's warrior,1
113636682055109,Leader Handmade,1
105775039456120,Columnist,2
701432266566134,Cầm Đầu,1
224740814205427,Giáo viên chủ nhiệm,1
1643210569236161,Organizing Committee President of Global Citizen Program,1
184930348505662,Visual & Trade Marketing,1
105630109469647,Executive Producer,1
1556082398000870,Lecturer,3
1539169453014417,Marketing Specialist,1
136816843005045,Giáo viên âm nhạc,2
943447605675805,Student,1
108015845887344,Tour Guide,1
134023743298556,Left Back (Defender),1
273860392792542,Tarot reader/ Psychic,1
1393522560899121,Đẹp trai nhất nhì công ty,1
452048681595323,Tuyen quang pro,1
125998754110907,Chuyên viên Marketing,1
849201831772050,Hoạt náo viên,1
201450643205521,Student Program Officer,1
138693452835477,Admissions Intern,1
259744510759362,Director of HCMC Branch,1
428757633847220,Dân thường lon ton bon chen chuyên quản lý thời khóa biểu,1
144058865610537,.,1
717780771668726,Mammalogist,1
1662964230607455,Đội phó đối nội kiêm Trưởng ban Quản lý - Đào tạo,1
422050957954931,Customer Service Assistant,1
132990136854835,Vợ Luhan và Bồ Sehun,1
124382470940843,Lover,1
678985545519271,A brick,1
135527843147708,President/Administrator,1
338783449578819,Marketing Officer,1
106056576092104,Reporter,4
263807886985721,Thành viên Ban Đối ngoại,1
453054164834693,Giảng viên loăng quăng,1
124294810949468,Student Assistant,1
134564409918703,VIP,1
296869773679819,Phó CHủ Nhiệm CLB,1
145777988769515,Marketing Executive (ME),1
108069725893273,Waitress,2
359341564172923,Trợ lý Messi,1
311747652321340,Trông bình nước,1
110747285670409,Nhân viên Hành chính Văn phòng,1
580805848691264,Đặc Vụ-Đặc Phái Viên-Đặc Mệnh Toàn Quyền,1
1562888110664607,Research Assistant,1
111932788855907,Digital Media Consultant,2
169111409803077,Director of IT Centre,1
134186203282370,Sponsorship Officer,1
160084280678816,Ủy viên BCH,6
156965731080993,VĐV đội kata-karatedo CAND,1
757456564330953,Bựa team,1
212827025506425,Sinh viên Khoa Toán,1
1477849069179897,Phó ban sự kiện siêu kute,1
147224405396492,Communication,1
115708775146488,Monitor,5
677743952318400,Post-Bac Trainee,1
1265237480171777,Ủy viên BCH LCĐ Điện tử - Viễn thông,1
144197172257236,Phó Tổng Giám Đốc,1
611336922289639,singer-dancer,1
1202953533055436,Member of Angry Birds Dept.,1
146559458700542,Trưởng lão,1
134064339960378,trưởng hội,1
352909898248029,Marketing Representative,1
143504532334007,Business Operations Executive,1
135790123122237,Trông xe,1
132544673455860,college,1
1400650653591457,Student,5
141955349162404,Press & Publicity,1
303303319794326,Hoc sinh víp,1
111534268884934,cửu vạn,1
425868607461665,Batch Vice President Of International Standard Program,1
143441799013047,Quản lý,3
1523218437916951,Sales Management,1
106438646078069,Tư vấn viên,2
217766754915855,Public Relations,2
160807083995483,Trưởng ban PR,1
104372906264935,Supervisor,3
181634211854081,Staff Kajian Strategis,1
111971125481473,Programmer,5
636275439758922,Thiết kế,1
150917571600098,Youth Delegate,1
345437415533232,International Relations,1
607183109365268,Sư phạm văn,1
129384913781800,cô chủ,2
103220713069450,Trainer/Coach,1
180965181939670,Head of External Affairs Department,1
1049665528380899,Instructor,1
534314376629301,lon ton,3
757471830998676,Caddy,1
517702901611725,Social Media - SEO - PPC,1
487184371296709,Tong Giam Doc Cong Ty Chem Gio,1
1380240015569888,Guitarist / Vocalist,1
118114424904861,Coodinator,1
930765033698159,Quán quân Miss Sunplay 2013,1
1673816472830137,Ủy Viên BCH Liên Chi Đoàn Khoa Sinh Học,1
235532789986062,Cityzen,1
137136566322054,2IC,1
808106975942587,Recruiter,1
169377793427863,Chuyên viên quản trị giảng viên Âu Mỹ,1
1553453211578380,Travel Writer,1
109305089187871,Gk.,1
1534351656826591,Actor,1
172254886125017,Core Writer,1
160602957460887,Bến xe dam dang,1
177799558906316,Giao dich viên,1
266952703337473,( Bô Lão ),1
124749674237398,Intern/Consultant,1
207367519398620,Dreamie,2
178100862232499,cô chủ nhỏ <3,1
134351423402958,Ăn chơi,1
142878889075138,Project Coordinator,2
680933748664847,Nhân viên kĩ thuật - triển khai bảo trì,1
139099739492984,Advertiser,1
156904520996157,dạy guitar,1
116054835111834,Customer Relationship Officer,1
161596077202408,Local supporter,2
139162549439767,Nhân viên quèn,3
129110290467639,Vice President of External Affairs,1
140241212676069,Customer Service Manager,1
133435256687184,Lead Stylist,1
284082018422003,Nhặt bóng,2
1613092035592358,National Account Manager,1
128528107191311,Project Director,1
143131642383384,Fitness Consultant,1
212043262193507,president of international student,1
895345687182152,Recruitment Consultant (Specialized in IT & Telecom Industry),1
103407966383598,Founder and Creative Director,1
1494856037450821,144 Xuân Thủy  Cầu Giấy  Hà Nội,1
140769095954305,Liaison Officer,1
358244061016753,Chi Hội Trưởng Chi hội 06-01,1
1506174099682361,Phó bí thư LCĐ - Liên chi hội trưởng,1
255256757974790,Lính già,1
477633835598493,Fam Head Fam 1 Phineas,1
605201409613297,Sales Consultant,2
642001669144049,Pha chế đồ uống,1
107738269248760,Officer,2
116241035094247,Vice Director,1
110329575662263,Volunteer,9
119689551410671,Tạp vụ,2
171185342937013,Nhân viên chăm chỉ,1
144450988906942,Operator,1
1625336281038905,Thanh niên ngoan nhất Vịnh Bắc Bộ,1
300163810143138,Station chef,1
101947523199088,pub worker,1
1419920801614833,Event Organizer Team,1
139655852735634,QA Technician,1
1489217527976443,Chương trình khảo sát Egra tại tỉnh Vĩnh Long,1
644674538966588,Bboy / Student,1
106181036078917,Research,14
144139232280300,Members,3
549990505039450,904 Láng,1
103156459742530,Deputy General Manager,1
297147557034618,Ngồi mát,1
148073798624752,Diều dưỡng,1
115281431854999,English Educator,1
118989351480706,Casual Salesperson,1
132145926825758,櫃哥,1
1551112408477672,Student Ambassador,1
314313058687263,Học sinh "suýt" chăm ngoan :">,1
674035196055772,Operator,1
470424303098080,Academic Department Member,1
111544255588545,CBD Intern,1
224518680907906,Marketing & Social Media Executive,1
340170706162554,Nhóm trưởng siêu siêu xinh đẹp và nghiêm khắc lạc lối nhóm tuyên bố và truyền bá,1
1418008355128030,Part Time Graphic Designer,1
115871461800485,Media and Communication,1
142690662425018,Faithful,1
115970321750760,CEO,4
1397073070541247,học viên chày cối,1
114111238730822,Cụm Trưởng,1
110077585682053,Secretary-General,1
476045622510198,Thiên thần thánh thiện :P,1
139174029581515,TV Collaborator,1
141529129209703,Phó trưởng phòng,1
610980222322023,Sinh viên Khoa Vật Lý,1
105641682802221,News Presenter,2
134463189929077,Customer Service,1
107697749259808,Member of Parliament,14
108731319151154,Partner,3
142314722455774,Interviewer,1
1457705684466748,Lớp trưởng K45 Anh 1,1
132032933506500,Professional Assistant,1
137704529601726,Co-Chairman,1
135244753176614,Ủy viên Thường vụ,2
100744186650558,Ngồi chơi xơi nước,1
183413081769821,Hậu Vệ Cánh Trái,2
106134736085305,Software Developer,5
1606735936238491,General Manager,1
156590001373347,Phó BT Đoàn TN  Chủ tịch HSV Đại học Khoa học,1
140456982651469,Staff,6
164954153526757,Gián đất,1
1515324038736942,Keangnam Hanoi Landmark Tower,1
105095242877779,Sếp Lớn,1
138121606207631,Bộ Trưởng,1
149099505105731,Basketball Player,1
116549818396706,Reporter/Editor,1
137517612950146,Undergraduate Research Assistant,1
544151252359120,Culi,2
207069912720548,Agricultural Ecology Assistant,1
853118968086144,Student of Faculty of International Business and Economics,1
119772914736833,sinh vien,2
302168039967716,Dhqg hanôi,1
1577613162468222,Beta Force Leader,1
198838900148783,Student,55
204174732951135,Designer & Photographer,1
148682625145038,Marketing Team Leader,1
169533533092915,banpr,1
191633997667095,120B Dang Van Ngu,1
763404797098996,Head of Language Division 1,1
1376250315942354,Thường trực VP Đoàn TN - Hội SV,1
427804864062190,Director,2
111996925479912,Crew,1
141213635903150,Bán hàng,2
266859890186329,§ Học sinh §,2
137932629578563,Admission Officer,1
137581169745709,GATOer,1
433636840134543,Director of Public Relations,2
1523398484643184,Social Network Development Executive,1
205832176206235,Giáo sư,2
564848720248470,Inactive members,1
122232721179224,Writer/Editor/Translator,1
130208993701937,ChỦ tỊch hỘi đỒg quẢn trỊ,1
131854763524349,Delegate,2
489274604553861,Leo trèo viên,1
415139305188570,Công Dân Đất Lũng,1
146294205397795,Media Relations,1
140462742640395,Bí Thư,6
140599005972253,Executive Assistant to CEO,1
276439352449545,Phó bí thư Liên chi đoàn,1
721955694531332,Viết dạo,1
108246692529778,Gamer,1
168145740023272,Điều dưỡng viên,2
145358662143412,Director  Global Business Development,1
176059172437648,Vice President of Project,1
140424452654884,Customer Consultant,1
495980793749075,Làm ruộng,1
123318937712913,Phó thường dân,3
340718262626359,Activist,1
520695088044576,Sales and Internet Marketing Assistant,1
185343451805540,PR/Marketing Collaborator,1
111459888905989,Biên tập viên,6
1405955059621789,Thư Kí Quyến Rũ,1
735459836564395,người truyền lửa ;),1
1682796792003224,Chủ shop online mỹ phẩm Handmade & mỹ phẩm xách tay,1
1540486739505735,Kinh tế và Kinh doanh Quốc tế,1
525797557584715,Marketing & Concept Consultant,1
437156262964950,Ban chấp hành,1
157483967795976,Chưa rõ ràng,1
135836473123655,Trưởng ban,1
409069689121592,Hoa Khôi,1
105510506149553,Secretary,3
1437410746479267,Thành viên Đội Vũ Đạo,1
766052746792275,Miss U-league MB 2013,1
164485746916581,Trùm khủng bố,1
358221011031029,Đánh DJ Tại CLUB,1
102601213154660,System Developer/Researcher,1
995665503874002,SINH VIÊN Khoa Quốc Tế Đại học quốc gia Hà Nội,1
811523112218560,Legal Assistant,1
132540433451477,Image Representative,1
788856021176754,Phó Chủ tịch phế vật chờ ngày về hưu TvT,1
147137558664522,bà chủ nhỏ,3
123255734393976,Phó Bí Thư,2
262378880463817,Ăn hại viên,1
100959209957354,Founder  President,1
136129703095423,Thành viên chính thức,2
137317652960071,Thành viên,51
103758749662404,Public speaker,1
139741836060207,Assitant Manager,1
109331219093753,Comandante,1
115865128465425,Junior,1
715005865310299,Đại Boss :))))),1
1641298222756093,Graphic Designer / Social Media Coordinator,3
184703161579365,The Little Tailor,1
147886748570481,Hanoi  Vietnam,1
222067941236253,IAM,1
1416845975237345,người truyền cảm hứng,1
289089754437528,Member of External Relations Department,2
105515239482715,Researcher,6
110775148973420,Chủ doanh nghiệp,1
380120732094091,Executive  at Training and Placement Department,1
125398017481902,ADBE,1
107629839267064,Engineer,16
314077008639867,Marketing,7
108559439167716,Public Relations,6
1402874570024767,Event Coordinator,1
570733419753275,Ban Bê Bục,1
291866567595548,NV thẩm định,1
128625413849360,Project Assistant,1
121557877896528,Press Staff,1
109232595798177,Little Princess,1
137180399654476,Information Manager,1
919577571396940,Member of Media & Communications Department,1
144083808954302,Collaborator,16
166523153382134,đầu têu,1
105766229463558,Admin Assistant,1
231658300545109,Truymm nhỏ bé :">,1
790508367723239,Lớp Trưởng lười,1
1542661262646565,MarCom's Member,1
103933542978644,Cóc,1
567373816723863,NST - National Project Coordinator,1
325815260781564,Photographer  writer,1
905527529478004,Master of Ceremonies (MC),2
102360689817841,Attendee,1
120623804651334,Mentor,2
107883465898480,General Manager,2
178422465539099,Trưởng ban Nhân Sự,1
425722697523731,Chụp ảnh thẻ,1
139406346099802,Giam doc kinh doanh,1
305813456294856,Ban Truyền Thông - Marketing,1
108646729159110,Lecturer,8
449123215171227,Sếp tổng :3,1
129784747100839,Chủ nhiệm Câu lạc bộ,3
582681791820143,Pha cafe  rót nước  gọt hoa quả và culicuaanh,1
582821411882377,Digital Artist / Creative Marketing,1
579271718824242,jerry-er,2
149879931692240,Owner/Member,1
138052466235430,Sr. Marketing Manager,1
142265249128456,English Language Teacher,1
249786405109960,ICT Instructor (Teacher),1
165293876847519,International Admission Officer,1
446860708679040,Ban Đối ngoại Tuyên truyền,1
323349484443822,Câu Lạc Bộ Súng Sơn Vĩnh Hưng,1
148582521820586,Band Member,1
214660471962813,Marketer,5
1327639213918728,Content Creator / Online Marketing,1
146280872134482,Mem trung thành,1
893059594080403,BCH liên chi khoa Công nghệ Thông tin,1
135641509837199,Founder/CEO/Owner,1
753173088131918,Business Analyst,2
309707379127133,Maknae Đáng Yêu,1
811030022272151,Ban IT trực thuộc EA,1
328872180574626,Phó CT,2
108616345829139,Chairman,4
1406286396309435,Marketing & Media,1
143841688966962,Giám đốc,6
475400789147630,Professional Fellows Division,1
137295986307050,Gamer,1
106324149403234,Co-founder,9
1417554208550115,Lê la Vo ve,1
100484900008053,Giang vien,1
140652549300379,Co-Owner/Operator,1
706598419407877,tình nguyện viên,1
110514145667059,Vice Director General,1
239436999421943,Ẹc Min :"),1
710537359066770,Resident Doctor,1
111992855516444,Stockbroker Intern,1
192250067538389,Chuyên Nga K52,2
339038752794382,Vocalist,4
142465069120807,Khách hàng,1
141771372506864,NV Kinh Doanh,1
144132562279573,Chém gió viên,1
171880126198558,Nhặt bóng,1
107473202615877,Sales,24
1562145497398760,Teacher,3
456406897848449,Customer Service Officer,2
143533259005145,Content Specialist,1
136990909669695,Content Manager,2
124318494281761,Coordinator,1
392898167436864,Phu tho,1
1404522266486352,Cô chủ,1
144262318923684,BTV - MC,1
430584790423619,Singer,2
202035316521868,Anh Chủ Shop,2
658530007508137,A little ambassador,1
142380065828732,Member of Public Relation Department,1
137607616280968,Founder  Chairman & CEO,1
216704591674598,CTV Truyền thông,1
573394299384267,かわいい Pet & Cosplayer,1
245033745556428,ELF mẫu mực,1
141036655920255,Founder/Vocalist,1
118043378245252,Shareholder,2
242414442460844,chân lăng xăng,1
835880629813128,Vocalist,1
757954014281728,Artist,1
577336535688207,Member of Media and PR committee,1
817739468357367,Ủy viên  Ban thường vụ Đoàn trường,1
134020719965620,Alumni Member,1
133135396741916,Đồng sáng lập,1
444004745755965,Freelance Writer,1
133382140170308,Loanh quanh,1
376326792457398,Trưởng Ban ND1,1
395677787178637,Trưởng ban nuôi trồng THỦY SẢN,1
1202661293077955,Phó ban đào tạo học sinh - sinh viên,1
139758659387900,Dissident,1
306355289397757,Country Manager  Vietnam,1
138613276208151,Photographer/Owner/Editor,1
136413079741583,Phó Chủ tịch thường trực,1
142255982463870,saler,1
115870968464603,Ticketing,1
165429370237142,Writer,2
389561407890177,Sinh viên quèm,1
129144787130052,Participant,6
257601210932807,Giáo viên mầm non,1
1690198744537929,Gà vàng,1
226852700664521,CIO,1
143050919066898,PhD student  researcher,1
299441903583120,Coordinator of Buddy System Program 2014,1
146729032020557,External Relations Team Leader,1
108038755890478,Graphic Designer,26
146001358746805,Đếm tiền,1
564613420325445,Trưởng ban Đối ngoại - Truyền thông,1
106123522751852,Research Assistant,6
154221681263339,Peer Mentor and Tutor,1
107770475919044,Student,7
116889398360460,Osin,1
137221592980321,Developer,1
377930582244278,Intern,1
753726638077285,Chủ nhiệm CLB Guitar Tự Nhiên ( Hus Guitar Club ),1
137849539568311,Sport Writer,1
167097103485678,hỗ trợ bạn đọc,1
131276730248890,Boss Lady,3
169257363087193,นิสิตฝึกงาน,1
396918320451741,Thanh Niên Tình Nguyện Phường Lý Thái Tổ,1
147394665273861,Social Media Coordinator,1
199225343499390,HR-member,1
143190042365029,Deputy General Director,1
278135395631203,Excavatus Project Leader,1
329588110546654,12A6 Chuyên Văn,1
327785594002042,Studnets,2
112221478794290,Account Executive,2
110094012353428,Vice-President (education),1
1642361272711487,jerry_er,1
108480125843293,Web Developer,5
1468082353421652,Chủ tịch,1
132317903508634,BAN SỰ KIỆN,1
550303198409656,nhặt dolla,1
886364928065265,Quyền Trưởng ban Truyền thông - Đối ngoại,1
282876125182677,Leader,4
464083707017294,Ăn Tàn Phá Hại,1
858970814130176,Nhi đồng,1
115563331829171,Camp Leader,1
128994337145160,Adminstration,1
293420357460864,Huhu,1
141247182553393,Chủ tịch hội đồng quản trị,1
270933873046048,Họa sĩ,1
122270074485475,Youtuber,1
620133234701961,R&D Satellites,1
654514991230149,Assmin,2
1450124138559238,German Vietnamese Best Business Idea Award,1
196849196999352,Thực Khách,1
105969586101289,Dean,1
108692292498356,Ticket inspector,1
206991792731610,Maestro,1
105854302787426,Consultancy,1
128779353831900,Senior PR Consultant,1
625037250923052,Bí Thư 12A1 Tin,1
1672154479724631,Founder - Culy hạng hai,1
142335069110615,PR Department,1
144992462186736,Sales Admin,1
758807160851459,Chief Financial Officer,1
114091505267759,Tutor,2
135132183193715,Bố tướng,1
452244444871895,Student,5
358322554354984,Student,11
801609289966382,Idol TV,1
143733242322915,Trainee,8
111926488822704,Freelancer,10
330632053737418,Thư ký Kinh doanh - Trung tâm Kinh doanh Hà Nội,1
193627550647254,Delegate Relations Manager,1
339960586196068,Store Manager,1
183605595107899,Chicken Master kkk,2
101436419914011,Copywriting,1
184445311637456,Ban Tiền sự kiện,1
211113669045501,Wedding Photography Specialist,1
383816158396267,Xách dép,1
106462232723770,Administrative Assistant,1
818416798212062,Chief Engineer,1
734641463288043,Teacher,5
1505285453017537,Trưởng ban Nữ Sinh,1
110722838955052,Owner,7
121187821262732,Data Engineer,1
659587230777929,Media & Design Manager,1
1446298805664111,Organizing Committee Incoming Exchange,1
493692950641622,tổng công,1
301268320075736,Head of External Affair Committee,1
131264713577595,Trợ giảng,3
935737853190057,Người sáng lập (Founder) & Chủ tịch,1
619944701387096,YBox TV,1
108217892566843,Product Specialist,1
145517465473973,Senior Teaching Assistant,1
816011031791817,Cá con phá hoại,1
418742621496237,Ban Thanh Nhạc,3
285653391628553,Dancer Thành viên,1
212620605432688,Training Support,1
829376560466211,Reviewer,1
109766902386853,Student Internships,1
386956408070743,President.,1
181609165225426,Ban Chủ Nhiệm,4
141391895883511,Youth Worker,1
239923402862749,hoc vo,1
192913284134894,OC delegate,1
114860728582677,Chân loong toong,1
760296923998724,Chairman,1
107402372623035,Doctor,1
149413795075442,Marketing Internship,3
337077689825878,Graphic Art Designer,1
1413941655561081,Front-end developer & Webdesigner,1
131542913552891,Head of Project Management,1
1562720710651588,Program Assistant,1
115817885133185,Tổng giám đốc,4
245347789165988,Coffee & Tea Marketing,1
433740060013264,Rãnh Rỗi Sinh Nông Nỗi,1
590209604345503,Tuyên truyền viên,3
381754858570070,THPTHongbang,1
138810599648680,Volunteers,1
153334121345341,Collaborators,3
143852448976383,Partnership Manager,1
167896719934995,Data Engineer Intern,1
784210608292052,Staff Member Info,1
868770656546417,Leader and Goalkeeper,1
137475386450850,Ủy viên Ban Thư ký Hội Sinh viên,1
135179536517808,Growth Manager,1
118787368170547,Giam doc kiem nhan vien,1
357385841011980,Sinh Viên Chuyên Cần,1
531931160212634,sing vien,1
114812405248419,Đa zi năng,1
721116104578662,Presenter,1
945767345448455,Relationship Manager,1
1649434491946829,第16屆知青幹部,1
108686435823373,Princess,1
492042267597576,Cánh trái hội cổ động viên,1
109653905718944,Operator,1
134545396587061,Task Force,1
128851040492314,Dreamer,2
108173379210853,Financial Adviser,1
204779316212579,OGX EP Manager,1
144310852248321,CSKH,1
393899120785683,Football player,1
1417396488555597,Product Developer,1
1552272795025875,Sales,2
834734363264390,Feeder,1
1679005312385971,편집실 통역사,1
260146047500897,Học viên ưu tú,1
120248704687912,Football Writer,1
479456262139261,Chủ Tịch Nước viet nam,1
103076043082432,Organizer,2
461241540612943,Thành viên chém chuối,1
511161178969849,Công nghệ kĩ thuật môi trường k58,1
182701168765915,Quan hệ đối ngoại báo chí & truyền thông,1
1462770043951852,em of boss :3,1
135437483155819,Sales commission software,1
102972186423515,thanh vien,6
321454278064382,Key Holder,1
108919682504343,Vice President of Project Management,1
112032368815466,C.E.O.,2
218018261607627,PR/Marketing Coordinator,1
226275504235249,PR/Marketing,1
106091416089825,Cashier,4
387669398098187,ném vội đột bừa,1
1003026763078515,F2 Runner,1
151453224867565,Good girl,1
105799462785959,Artist,4
103776502993977,General Secretary,1
182259058477596,Graphic Designer/Volunteer,1
376632102441213,hóng hớt,1
370654906390226,Học sinh ưu tú,2
134755643230566,Hà Nội,2
200917223273138,MC & Editor,1
1491465501065188,Ultimate Supporter,1
224910957621526,Student,14
122459414466358,Dân đen,3
372627639556889,Nhờ gì làm nấy,1
844128245660554,Member of Board of Communication,1
143034899058722,Phó Hiệu Trưởng,1
144576662219620,Head of Events,1
504250639679851,top 15,1
583601301661032,y sĩ đa khoa,1
221965011336087,Chủ nhiệm,2
144913338872184,Runner,1
384941584881640,Supervisor,1
851391901671121,Growth Hacker & Digital Marketer,1
157112887832796,Member of Organization Department,2
140565569310621,Graphic Designer/Marketing,1
137748406249883,Executive Committee Member,2
141869982491277,Head of Communications Department,1
316592508412720,Hanoi,1
150743744936200,Founder and Director,1
344823595694408,đầy tớ trung thành :3,1
995402997141542,sinh viên k59- cơ kỹ thuật,1
545135155607947,Ban đối ngoại,1
124762284233256,Procurement Intern,1
450568188412779,collaborateurs,1
332850483470446,Thí sinh sặc sỡ nhất,1
108235679208970,Academic Research,1
103333303032248,Student,71
849873341726582,Founder,21
624141177717079,Community Manager,1
658256330871124,Con chó cuối đàn,1
105754726126159,Teaching Assistant,19
650924774961925,CEO & Founder,1
132904756744851,Official Member,1
376732689064726,Quán Quân,1
221739964687076,tình nguyện viên,4
1625462837775761,lon ton lăng xăng,1
117815144935131,Nhân viên,15
272795222896596,Thực tập,1
139440659474451,Ban phong trào,2
374629073799,Sesshomaru,1
1601902100039386,Advisor,1
233172056877846,Quản lý,4
212651725527234,BLV,1
142803582416115,Vocal,2
818887464790031,Cựu Học sinh Sinh viên,1
548383901945305,Amateur Singer,1
533503563437052,Giữ xe,1
126176990758938,Press and PR Officer,1
461592813883595,CEO tổ 4,1
116010235116078,Import/Export,1
795861660500480,Boss,8
104057082965163,Marketing,1
574513382698765,Staff_Finance G,1
148757851804428,Lễ tân,1
141379272550788,Builder/Designer,1
116229308429849,Newbie,1
252219051473074,pha chè,1
1495221500739889,Leader of " Thien Duong Ca",1
103122973061151,Professor,2
920944991315851,Ambassador NEU - Hanoi,1
138310452868369,PhT,1
189348454430935,Khoa học quản lý,1
781093305310046,Teacher's Assistant,1
509852162481596,¤¤ Thánh dâm ¤¤,1
1419695721660042,Dancer,3
361061027243584,Head of Event Organizing Department,1
1487157694911138,BTV - MC Chuyển Động 24h,1
935016339860328,mầm già,1
266012316804270,Nobody,1
104020929635907,Goalkeeper,2
154844804596695,Human Resources,1
103105143079586,HR Intern,1
268135080014648,Chủ nhiệm khoa,1
137149786322560,External Relations Executive,1
797818386931994,Editor-in-Chief,1
134304139945249,Part-time English Tutor,1
148442875229073,Rót nước,1
178462205619397,Còn Lâu Mới Nói,1
377547080901,Haga,1
224880447862374,Systems Biology PhD Candidate,1
420467648053490,Hacker,1
137483732957368,Editor,6
139945836031533,Student Organizer,1
138150732869637,Chuyên viên kinh doanh,1
103115709728784,Support,1
663108153814881,Hot Molder,1
100183426705495,Class President,1
143576448989715,người sáng lập,1
654363847943389,Ban Nội Dung,1
114698891916227,Hiệu trưởng,2
639449176181838,ban phát thanh radio ulsa,1
1560334947585918,Teacher Assistant,1
350577868038,Take Photos,1
114400818575820,Director (company),1
208430775981937,TLU K26,1
255965784745717,FPT Student Ambassador – FSA,1
114511861898138,Instrumentalist,2
1416850385277528,Marketing Director,2
122596764608389,Co-founder/SMod,1
141608839196221,CTV,19
132886976735753,Administrador,5
1548702028712998,Project Executive,2
496216033856638,144 Xuân Thuỷ Cầu Giấy Hà Nội,1
126237404086327,Co Owner,1
1680766638811794,International Relations (Japan) / Communication,1
1035059333225879,Participant & Winner / Spirit Supporter,1
144886028870539,Trợ lí,1
282445581933108,Giảng dạy,1
261423534014571,Top 10 Thần tượng thời trang 2013,1
1433443673569575,vice directeur,1
313669368644221,Chuyên Gia Hóng Hớt,1
611478652302424,Sale *mới*,1
696777363666358,CREW AND DEEJAY,1
185467764887141,Media,1
137679689645599,Tiền vệ trái \m/,1
1550295271909640,Sales Manager,1
162085043946702,Hỗ Trợ Dự Án,1
781193488572041,Astrology Reader,1
130955123607325,Consulting Intern,1
641759429240143,Giảng viên đại học,1
132930526743865,Huấn Luyện Viên,1
627715434045755,Main Gamer( SP ),1
839608436128042,Sinh viên đã tốt nghiệp nhưng không chịu ra trường,1
482301555259918,Soccer Coach & Basic Life Skills Teacher,1
111148342312749,Bang Chủ,1
383132781842709,Bí thư Ban chấp hành Liên chi đoàn,1
877843272322900,Trưởng Ban Truyền thông và Thiết kế,2
114978111920439,Rapper/RnB singer,1
143190725873315,Học,1
145807308778338,Legal Intern,1
140140636019374,Esthetician,1
144180052277466,Reader/Writer,1
1425412394445872,Junior Waiting Staff,1
559369684205196,。＊anh mang hạng phúc của^  em？ đi đâu vậy ?¿?。＊。,1
112925785384185,Bartender,1
146248608762834,Marketing collaborator,1
110039639330048,Director of Hanoi Representative Office,1
565998450240820,Freelance Graphic Designer / Sound Operator / VFX,1
143781558979781,Boss,22
414873808622081,Thư kí Ban Truyền thông,1
103290343062266,giam doc,3
747178425409127,Chuột gay nhà Jerry,1
170650019794470,CAP,2
140106812686981,Program Assistant,1
1472140679732845,tưng tưng,1
179540079089863,Freetourguide,1
902755799821825,Social/Creative Freelancer,1
118850344928842,điệp viên kiêm tình báo của TUNA CLUB,1
143607535658644,English Instructor,1
283484125003968,o0ogabongo0o,1
722021514579727,Culture and Social Student,1
1716743958614397,PR solution,1
287828051307164,Waiter,1
527835267372168,PR and Copywriter/Creative Content Maker/Editor,1
150534511626733,Assistant Stage Manager,1
1408753986082656,Hệ Luật L1K1,1
1382542875334383,Chân sai vặt,1
817574778354520,SME Division  Corporate Head Office.,1
857878157612601,베트남의 공주들이라 조의 맴버,1
136072479764617,PCN,1
1545586365659501,Vice Head of External Relations,1
121670827894984,chân lon ton,2
353540888174763,Media Executive,1
427680620701888,Đội phó,2
153019964723451,Editor & MC,1
135035716531612,Cán bộ,5
390172747777297,ĐHKT ĐHQG HN,1
1560982110843366,Marketing Manager,4
114816771900028,Graduate Research Fellow,1
404820329554488,PV,1
1682440775369235,Tuyền tiến,1
110485032312236,Stagiaires,1
161959793927147,Cô chủ tập tọe,1
337578673072640,Làng trẻ Hòa Bình,1
1523799014607297,Quán quân - Season 3,1
1568250906764482,Shop Assistant,2
140171326017749,English Editor,1
144710025547576,Lead Singer,1
143439365684891,Media Manager,1
129317680449324,CVKH,1
819000524809058,Chairman,1
112775385404002,Illustrator,1
200246516654416,Modeling & Simulation Engineer,1
103957352993836,erer,1
474060989462557,庶務課縄張係,1
611556932262763,Cựu học sinh,1
138070359565985,Little Boss,4
107992259223308,Actor,2
146045765407742,Tarot Reader,3
1437653096510812,Lễ Tân/ Reception,1
102000556545997,Team Member  Finance,1
135263806507063,PR & Media,1
492895960882150,Manager / Band Leader,1
587338674707507,chơi bời :v,1
142653125756209,Teacher of English,1
1448724992071190,Học Tài Chính Doanh Nghiệp,2
381690548585776,LCH Trưởng,1
131885803524756,แกนนำ,1
137417432962076,Online Marketing,3
127161930695368,Liên Chi hội Phó,1
1438103896432353,Cắt Cỏ,2
113676605314601,Truyền thông,1
137814429589898,Co-Founder & President,1
1584207808483465,Phó Bí Thư K58-KTPT,1
124104061009969,Public Relations (PR) member,2
1463430313890007,Bí Thư,1
142175229137909,Head of Media,1
545489932159301,Leader,1
108703555821060,Intern,7
145809032149001,Kỹ thuật viên X-Quang,1
150833874955802,Chân chạy việc,1
142422779113150,Dancer/Choreographer,3
437430216348572,Member of the Standing Committee,1
145737312106966,Mobile Consultant,1
366583260023783,IGCDP,1
499607793478569,Trưởng Ban Tổ chức,1
185593021532101,Trung Thành Mãi,1
158781347480650,programme division,1
137215252973198,PG/SG,1
137447302960534,Student Leader,1
874515462611445,Recruitment Consultant,3
1522414354662106,Quản lý lớp học,1
643984272406409,Member of Media & Communication Department,1
106024342761361,Manager,15
384904001604063,Active Learning Teacher,1
143775388980711,HR Manager,1
116058691779729,Program Officer,1
127065697363378,Copy-paster,1
116256761760181,Summer Intern,1
257064860976524,Liên Chi Hội Trưởng,2
132642556777265,Sếp xó,1
438816866285405,Xếp Hình Viên,1
131939593513125,Peserta,1
463366213867741,Đang học Communication and computer networks,1
515658501878676,Siêu nhânn,1
717196261733263,Editorial Assistant,1
459722027427428,ICT Collaborator,1
211298989025749,Học sinh Nghiêm Túc,6
613329735464497,Teaching Assistant (TA),1
301658456526428,Công dân ưu tú,1
122272997827746,Competitor,1
1502258996671512,Anh Nông Dân,1
108281119202846,Developer (software),1
1526312847675006,Top 5 Vietnam Idol,1
115437001804361,Sales Associate,3
110020682354213,College Student,2
515858361764249,Ban Xã hội,1
743569819063837,Đại học Khoa học Tự nhiên - ĐHQG Hà Nội,1
426802217464643,Self -employed,1
118316784880958,Nhân viên kỹ thuật,3
108346102530160,Marketing Manager,5
147199155311465,President of the Student Council,1
137571962947773,Environmental Engineer,1
295001203854056,Quôc Oai,1
408429262590968,Monitor H45 \m/,1
634703676676320,Project Coordinator,1
103180376406664,Human Resources Administrator,1
897074200368179,boyguard,1
141843042505312,Newbie :3,1
117670354947573,Ủy viên Ban chấp hành,3
115845021797710,Organizing Committee President,3
984789911598054,Buddhist Volunteer,1
146000048749185,English Consultant,1
107507365936659,Writer,7
123564564479828,Từ giám đốc cho đến bảo vệ,1
134745496566868,President,9
116885444988542,Director-general,2
1649577578634716,Former Deputy Head of Management Board,1
105489609484562,Physician,1
111950022150171,Chief Executive Officer,10
1429197273978680,Top 5 Nữ sinh duyên dáng,1
185280434827016,Outgoing Exchange Executive,1
740997015940498,Học sinh,38
876328715744295,Blogger,3
1415485125384870,Top 20 Duyên Dáng Hà Thành,1
109906275699270,Communication Designer,1
117353271654681,Vonlunteer,1
108307405889858,Online English Teacher,1
114730871877201,DiscJockey,1
641441499354052,Head of Quochoc.vn Project,1
103132023060720,Technical Support,3
115438628506953,Köksbiträde,1
109542932398298,Software Engineer,19
676616962428159,Từ Liêm Hà Nội,1
271553536248083,NBA contributor,1
182672848561161,Cô đơn,1
111867022164671,Real Estate Broker,1
1440117416272766,Vietnam Participating Youth (VPY),1
739428379414577,Thcs linh phu,1
110319868989732,Freelance Writer,1
218906504919014,Entertainment Event Crew,1
150483878297969,Intern Reporter,1
112075308809795,Speaker,1
1605376979723739,Business Project R&D,1
1442248439399497,Assistant Producer,1
166668970134661,BTC,1
814383118631905,Truck Driver,1
139961466034425,Social Media,2
108338775853344,Art Director,2
217834818378140,hoc sinh,10
619917944686000,Ủy viên,2
1389180054729996,Human Resources Recruiter (HR Recruiter),1
178462479022622,Ăn bám Pama :v,1
144168968944080,Public Relations Coordinator,1
703228009796473,Waiter/Waitress  Captain,2
142391455861244,Trưởng Ban Hậu Cần,1
145733068823785,I.C ( In Charge),1
438744112819012,Lecturer,1
137179546485348,Học sinh gương mẫu,1
201994746534691,Leader of Public Relations Team,1
131620813547219,CS,1
117986491583948,Reporter,1
116064225112266,Songwriter,1
423068597869539,President,6
423114351041205,Master,1
112650685413971,Product Manager,1
136616009705739,Personal Assistant to GM,1
1554433261448714,Đại sứ sinh viên và Đội SVTN Xung Kích,1
138374042868990,Guitar Teacher,1
369332963270164,Communications Specialist,1
149635851716577,Heroine,1
106266089429386,SECURITI,1
1616830671869391,Bí thư liên chi đoàn khoa Ngôn ngữ và văn hóa Phương Tây,1
564978630207552,Phòng Đào tạo và Hợp tác quốc tế,1
104854832919999,Thủ Tướng Chính Phủ,1
746823102059282,Student,6
186014184833676,Research Assistant,1
132190920173615,General Management Coordinator,1
115360108477902,Marketer,2
133556440011437,Cộng tác viên,19
103590336361799,Thư ký tòa soạn,1
120944027953558,Operations,1
423002337902670,Organizing Committee ILEAD Preparation member of Promotion and Delegation,1
216393125075648,Hỗ trợ,1
1560808450833598,Lead Designer,1
108746859179989,Project Management Intern,1
1468410616738900,Content Manager,2
114253605252486,Teller (bank),1
1646256628989701,Leader / Visual Artist & Designer,1
1516081098612186,Giận thì buông tay chứ đừng nói ;-),1
123812287663415,Thực tập sinh,2
652682668136317,Vợ cả,1
164941830573207,Trưởng ban quan hệ xã giao,1
102167983158778,Internship,44
184443264932280,Delegate Relations Manager + Fund Raising Assistant,1
1545427532373917,BTK HSV,1
167790859941839,Head of Organizing Committee,2
125267834183362,chu tich,2
103383863349592,Thành viên của đội "Student Support Team" khoa Ngôn Ngữ & Văn Hóa Pháp,1
148728421809028,Phá Giám Đốc,1
115545655125771,Management,8
516592275023000,Manager of PR - Marketing Team,1
290110271084305,Head of External Affair Department,2
165703790129885,Operating Department,1
108501822508335,General Manager,1
541554435963524,thành viên,1
434757446685479,Leader team 5,1
141937895823486,Industry Manager,1
121247711256026,Sales and Marketing,1
105978999433185,Game Designer,1
135366053153043,Giám đốc điều hành,1
800002660037445,External Relations Director,1
224435757646931,Member of Human Resources Department,1
141897619160920,Học viên,7
136367396392727,Organizing Department,3
412647518923301,Communications Officer,1
114230578627305,Sale and Marketing,1
110256722335622,Fashion Stylist,1
149131825097106,Marcom,1
434767366639332,Quản trị nhân lực,1
105663422800664,Designer,17
1485805548374972,Student,14
376076082517496,QLVH 15B - Khoa Quản lí văn hóa,1
135964256444572,Beverage Maker,1
145245758969953,Duy Tan  Dịch Vọng  Cầu Giấy,1
228456947244183,Moderator,3
108151009205102,Creative Director,2
1789844021247425,ctv hỗ trợ hình ảnh.,1
145719648774495,Cu li,3
299208130179305,Bí thư liên chi khóa CD04,1
137036669653959,Web Researcher,1
905341029578817,Production Sound Mixer / Boom Operator,1
469941853100138,loăng quăng,3
114717335277261,TPT Đội,1
965983320133859,Nhân sự - Truyền thông,1
748962928484929,Business Life Communication Ambassador,1
134676029905340,Graphic & Web Designer,1
1659066187704971,CỐ VẤN BAN CHỦ NHIỆM CLB Hoa Đá Nhân Văn,1
1403939806501685,Chinese Translator,1
243186166024415,Crazed mem of Lacoxau,1
347150238819359,Social Media Strategist,1
115725435145206,FO,1
226700524112048,MC,5
511623245609836,Nguyên chủ nhiệm,1
592330547514562,OCP oGCDP Spring Recruitment 2014,1
106116959419736,Pastry chef,1
1484445235118906,Sweetboy,1
104109846291117,Bartender,6
310114065692017,Ficteam,1
306116146213882,Công nghệ may & thiết kế thời trang,1
1553651868242616,Developer,1
103096833081364,Assistant,1
108508529172815,Student,12
137719286244236,ăn tàn phá hại,1
133792443327891,Nhân viên thực tập,1
338003829697457,Đào tạo nhóm,1
874842615892965,Managing Director,1
148412168509268,Team Member,1
113612285315960,Chém Gió,2
114893121892322,top flyer,1
143439245689170,PR Team,1
132466886882586,PR,2
143057342373875,Co-Founder  Photographer,1
307285265952123,Trưởng Ban Chuyên Môn,2
213711435383253,Study,1
136118619742813,International Executive,1
132758803428581,Conseillère de voyage,1
119810251422447,Ban Thông Tin,1
1500147373589180,CTV bị tửngg,1
566965500106402,Sinh viên suýt ưu tú :v,1
1434185220144567,Học mót :v,1
129469867097597,Director,5
138082199565908,MEO,1
232376440288408,Truyền Thông,2
105252946230441,Customer Service Officer (CSO),1
156470074415045,Devoted Coach,1
161365757218245,(hỏi làm j?),1
144448498909071,Zumba Fitness Instructor (ZIN),1
141998315849787,Member of Event Department,1
1720209488201899,Bao Anh Building - 62 Trần Thái Tông Street  Cầu Giấy District,1
276799239052304,Voluntary Income Tax Assistant,1
114815368565702,Founder & Executive Director,1
142816615741353,Thành Viên Tích Cực,1
160022994016307,Nhân viên lon ton,1
128779567167033,Head of Communications,1
113336252010022,Marketing,11
180583458756543,Alumni Community - Social Media PIC,1
811314948922605,Flyer,2
543733669030232,Head of Human Resources Development Bureau,1
142499135766779,Media Trainee,1
100100183413034,Manager,4
120674431311669,cộng tác viên kinh doanh,1
1385238225125033,Technical Support Engineer,1
1055016491194558,Trông cửa,1
143595028997512,Event Planner,1
251527395043681,Học sjnk,1
169270803085484,Chạy Lon Ton,3
117948094921579,IT Manager,1
141142145920098,Digital Matte Painter,1
1698855850365593,Website Content Creator/Writer,1
649551195115035,PR & Marketing Intern,1
343794702364298,Lông Bông,1
889593077757506,Crew Member,5
122824231095878,Kỹ thuật viên,1
120762141304604,Social Media Manager,2
143418082353057,Administrator,16
114026538674734,vice president<3,1
239620056049170,Hóng hớt,1
108189609213176,Musicas,1
837645072930458,La sinh vien,1
250335031707257,Co-Founder,8
202556409940087,Biên tập viên online,1
797407556991069,Columnist/Commentator,1
132712890099459,Reporter and editor,1
566380660105163,Thủ kho - Transposter,1
224995817637484,Tìnhnguyện viên,4
143491745697141,quân sư,1
1374226416231615,Film Maker,2
339096592885997,Moderator  Translator  Editor,1
1565887840360370,Bao cát đè bẹp mấy đứa không ngoan,1
419302204914052,Teaching Assistant,1
141347632554947,ke toan,1
744135005647843,Tơ Tờ (Turtle),1
199400816844467,D.P.,1
148589165152814,Giáo viên,6
1422207664707756,Linh Phu,1
194124750649009,Lon ton viên,1
137835539907920,Phó Bí thư Liên chi,1
102172886490488,Estudante,15
112257968789058,Musician,1
135171479851285,never,1
137226459646872,Sous Chef,1
144677008883916,NVBH,1
231916707006959,Odoriko,1
240133042751691,Chủ chùm,1
292656224224142,gia cát dự,1
103839776321686,Chef,1
113852765291861,Registered Nurse,1
497567987053180,Bootcamp Round,1
1643539859199502,Marketing Executive,10
148468101836320,Finance Manager,1
777363212357920,true coach,1
208114405869567,踊り子,1
1668206023430714,TNV - CTV,1
752009451556753,OC PnD,1
145918318786068,Chủ nhiệm CLB,7
155107457839289,Project Ambassador,1
154806634551397,Phó chủ nhiệm,19
487746928071460,VNUer,1
232692133605986,Fanpage Administrator,1
1393160987664124,Talent Manager,1
1426390844320375,Public Relations Manager (PR Manager),1
435101693252377,Top 4 Missteen,1
108400725882554,Marketing Intern,5
117379845006246,Fan cuồng,1
136147266418477,Kỹ sư,1
314680861887887,Thành viên ban Nội dung,1
159272697444532,Bí Thư Chi Đoàn,2
138335229540773,Vice President of Business Development,1
163395910441971,Graphic Designer,1
109633995756124,Admintrator,1
137495016288554,Dancer,9
114883015195546,Commercial Model,1
132606163547157,ĐÔNG SƠN,1
107357592627419,Stage,2
138076876233114,Shortstop,1
264921676926366,Ban hát,1
1564702593787455,English Teacher,2
130301843677604,Chủ Shop,2
1633176116940403,Nhân viên làm kem :D,1
123024791076128,Secretary and Marketing,1
159133004227911,External Affairs Department <3,1
408211115725,Minoz,1
449970808522011,Study Law from School of Law,1
138731679500757,Kĩ Thuật Viên,1
309414779144177,Á Khôi,1
119178671461272,Design Team Leader,1
118355888214693,Market Research Assistant,1
729753743761440,PR forum-blog,1
138272602861459,Học việc,2
121893611189684,Kĩ sư,1
120552621332915,Digital Marketing Account Executive,1
142833265729491,má mì,1
296320917185198,Deputy Prime Minister,1
148863548557921,Đại học Khoa học xã hội và nhân văn  ĐH quốc gia Hà Nội,1
258976750917167,siêuu nhânn bò:"3,1
135017153366427,học sinh ngoan,1
144270082258782,Marketing Advisor,1
177405698971900,chân chạy lon ton,1
205196782997641,Học sinh chuyên toán,1
400098036774456,Thần Chết,1
963405993684531,Reporter,2
322868431245841,Administrator,4
647496791952883,Nemo-er,1
141767095841587,Điều dưỡng trưởng,1
112451425436956,Vice President,31
1391985501101164,Happymaker,1
124436290936609,Fan,2
690389564396593,OCP IGNITE Preparation,1
142292819189068,ขัดถู,1
105647746158932,Football Commentator,1
122695181111759,chân chạy,1
137757626259397,English Teacher,2
171050786261510,Junior Senator,1
269826579796182,ban hang,1
108046495890265,Team Leader,3
771591662926644,Connector,1
105688826152872,Cosplayer,1
250617048456346,Giảng viên,1
138815132807217,Contributor/Writer,1
107957955904825,Founder (company),6
1489048308021490,Team Truyền thông xinh đẹp,1
156698871035382,Làm đề,1
142833602393384,Social Media Executive,2
128790437312891,ad Tr.Mèo <3,2
560438717331140,Giám đốc,1
144919595524189,Lăng xăng,2
608072115989900,Sales Supervisor,1
882422341809896,Security Guard,2
1504135996505340,Ver8,1
134033699979780,Ban Truyền Thông,9
435106476533241,THPT daphuc,1
236457999773086,Master of Ceremony,3
349084998584691,S2 member,1
108147209206534,Store Manager,1
684389898277807,MC (rap),1
1437834579762541,Thành Viên CLB Truyền Thông,1
110394062350038,Online Staff,1
141577492521623,Laboratory Intern,1
107330926045533,Student Union Vice-President,1
144972038855301,ô sin,1
559679254130104,Phòng Chính trị và Công tác sinh viên,1
146839082006640,Marketing Assistant Intern,1
163706997004256,Thành viên Ban Chủ nhiệm,2
109232145766898,Event Organizer (EO),1
348286735319767,Thư ký - Phiên dịch viên,1
673191676136261,Crew Person,1
167080096725530,sinh viên vip,1
207375472679002,Leader & Dancer,1
137427489628863,R&D,1
1564420800480071,Trại chủ sơn trang,1
556877441082261,đã tung la hoc sinh quay of truong THPT hoa ninh,1
116530791730406,Marketing Executive,2
250415128349093,144 Xuân Thủy - Cầu Giấy,1
119198991459979,Starring,1
149423575071109,Expert,1
107820229251878,DJing,2
424804431021180,Bí thư Quốc tế Địa Chất,1
128716373865432,11A1,1
212724382254158,16 Hồ Đắc Di,1
140390929426530,CEO,3
235405473318621,ERP,1
228374090540918,love developer,1
543619279139332,Thực tập sinh P106-A1,1
1500096293551970,Cháu ngoan bác hồ,1
1553801688173742,Silentpower Project,1
1159960530686778,Cựu Cụm Trưởng,1
534623203304396,Nấm tích cực,1
1560396814218452,Freelance Copywriter,1
111590032192585,Seller,4
140407725987848,Former Student,1
1568423150068748,Thành viên ban chủ nhiệm clb múa ISWAY,1
1473821516247112,Bi thư Chi đoàn K56A,1
140679605986101,Thanh viên,1
129846537056494,Phát thanh viên,2
140148262683765,Volunter,1
234840986534404,Assmin,1
368912699976730,Bí thư Liên chi đoàn khoa CHKT&TĐH,1
363188497155628,Певец,1
136241516409904,SINH VIÊN,115
480626432110128,Researcher  Manager,1
289936404363228,Học Sinh VIP,12
136950552996109,Chief Excutive Officer,2
131429776900050,Event Organizer,2
128365237208135,Nghiên cứu viên,1
1425622907731038,Producer,3
161599283888101,Giam đôc,1
108410395880833,Co-Founder/Owner,2
140560275975856,Stage Management Intern,1
407795629415786,Trưởng Ban Truyền Thông- Đối Ngoại,1
896356580444964,Phó Bí Thư Đoàn Khoa và Trưởng Ban kiểm tra Đoàn Khoa,1
107972409235369,English Teacher,6
299051550244536,Founder & CEO,3
377245718967798,Admin,35
130086393700927,Exchange Participant,2
184898311525373,Sinh viên quèn,1
662713290453340,Director Trung tâm dạy đàn Guitar & Piano,1
106443406059941,Department Head,1
1554700441472053,Sales Executive,1
106022436104726,Salesmen,1
231798983675931,Procrastinating like a pro,1
845913312133646,Thiên thần Trí tuệ,1
135907459792366,Guitarrista/Compositor,1
220305364742582,Ông Bố Trẻ,1
326336950883118,Khoa Tâm Lý Học,1
112575705420881,Non-executive Director,1
1542575859329627,Assistant,1
109330299086483,Journalist,4
133990589975914,Quality Control,1
193639697352251,ประธานนักเรียน,1
142672635768997,Research Assistant/Lab Technician,1
1440329072845854,Chủ nhiệm CLB xinh đẹp  dễ thương  đáng yêu nhất Khoa Luật và yêu thành viên của CLB Truyền thông mãi mãi mãi mãi =))))))),1
106235499430474,đầu bếp,1
681119838601865,小小小小總召,1
108010965893000,Bricklayer,6
104128412956069,Singer-songwriter,1
121320121249349,Sale Executive,2
394060077328456,Member in the Standing Committee of youth union,1
147416865300121,President (title),17
143430885686280,Operation Assistant,1
136077243079828,Head of Publicity,2
249253518527026,Người bảo vệ,1
373062522788016,President of Arsenal football club,1
134587556582563,Audit Intern,1
498445240294883,Actress,1
439421339414477,IB,1
122903304421155,Associate Relationship Manager,1
180905845411345,Học viên ưu tú :>,2
145623335586976,Learning IE,1
103113219728224,Chief Executive Officer,24
117864738262822,HR Department,1
326156307515217,Spammer,1
414201885324385,เยาวชนดีเด่นแห่งชาติสาขาสื่อมวลชนฯ,1
168350866893983,Cựu Điều Hành Viên - Ban Kỹ Thuật - Kỹ Thuật Viên,1
1412209348996861,Volunteer (Sponsors Department),1
806244126122967,Co-founder  Coordinator  Staff Leader,1
241392592610179,Barista,2
1023582034338383,Editor,1
105763692790962,Business Analyst,1
140232919342702,Nhân viên kinh doanh,1
118051704909535,Thường dân,3
124142580964955,uy vien,1
141815239163870,อาสาสมัคร,1
1093307137410377,Khoa Toán-Tin,1
138665296151464,Retail Operative,1
137252936315278,Chủ tịch Hội Sinh viên,2
124928007552977,Committee Member,1
153164784704106,Ban đối ngoại,2
145832375442729,Prefect,1
137302496293901,Former President,2
145313922199425,Nhổn  Từ Liêm  Hà Nội,1
115249531869619,Member of External Affairs Department,1
117072748341743,Barnvakt,1
688148197873521,Freelancer translator,1
325774480799020,Adm,1
1060259234005365,Senior Visual Communication / Production Mentee,1
432526703569789,Ủy viên BCH Đoàn Khoa Quốc tế  Bí thư LCĐ chương trình Keuka,1
243002932554247,Ban Đối Ngoại  Ban Sự Kiện,1
145423588807247,Công nhân,2
741067429267898,giai cấp phá sản,1
132528790120117,Ex VP,1
343025945891052,Broadcaster,1
385726121465131,Singer,1
739910292752225,Trưởng ban ND1 thần thánh giờ đã chuyển tên thành ban chuyên môn =)),1
588797914482280,Skater phá gạch,1
135670343130011,Lập trình viên,2
1612179429063800,Con chiên ngoan đạo / PR - Marketing Team,1
114096231972409,FAN VIP,2
1069592113056750,Manager,11
535003406599296,Tình nguyện viên (Volunteer),4
326203557433249,Secretary,2
111715122188352,Consulting,1
143033875889840,Chém bão,1
647336851972082,Phó Phụ Trách,1
113113642074339,Talent Development,1
103136103060692,Webmaster,3
137596099610173,Shaper,1
765752980217381,3D Training,1
509699399077306,Ban Tổ Chức :3,1
1420972241500031,Vừa bị đuổi việc =] ],1
566390430070223,International admission student assistant,1
108148875872901,Branch Manager,1
132595366778749,Executive Project Manager,1
399160546780297,CTV CSKH,1
750779141624477,Engineer,1
1415992235362665,CEO,2
138128162893849,Sales & Marketing Executive,2
177179932422051,Master of Ceremonies,1
140297069337360,Fundraising Manager,1
108387429217166,Marketing Assistant,1
136107576423235,Personal Assistant (P.A),1
144174355601618,Officer,2
249074608460125,Ủy viên Ban Chủ Nhiệm,1
804757032910337,NV GD,1
154302561250672,Head of Project Management Department,1
662478223875726,Marketing Agent,1
117814874956913,Trưởng Ban Đối ngoại,3
266917983467070,International Economic Development Intern,1
467475586678829,Admin  Popper and Designer ~(^o^)~,1
359447224216203,K59 - Triết học CLC,1
754117061300241,Tình yêu là niềm vui sống.,1
144315385596048,Student Support Officer,1
144090295612863,Marketing Copywriter,1
350407941711995,Genetics Study Group Leader,1
107600619269865,Photographer,19
103151526409582,Shop Assistant,1
462286593791592,Học sinh víp,1
108455182540992,Elf,1
1430475197180527,Thành Viên tưng tửng,1
140200896003826,Foreign Exchange Student,1
137129656324054,Communicator,1
1525395747739269,Deputy Secretary of HCM Communist Youth Union,1
644432515671486,Gấu nhỏ của Gia đình Gấu,1
137470429624826,Reservation Officer,1
115146595199676,Hội viên,1
125697860922233,Staff Human Resources Division,1
575916402544624,Staff Assistant,1
752069448151261,Micro Marketing,1
113748818638822,Knowledge Management,1
364690850271455,Truong THPT Chuyen Tuyen Quang,1
110683978981945,Part-time,1
105085269559565,chuyên viên tư vấn đào tạo,1
135851533118500,Tiểu Nhị,1
120945604599662,PJ Media,1
1559507517620556,Intern,4
140569302641476,Banquet Server,1
249949925052908,Trên Bút 1 bậc :">,1
391120937626333,Media and Communication Committee,1
265170270483910,Nghiên cứu Khoa Học.,1
142979352398617,Founder and CEO,1
139666082733546,Member,80
1734318850116995,Lợn sữa by Boo,1
531363106982079,Ban Chuyên môn,1
102601953144787,Nhân viên chăm sóc khách hàng,1
1438760139702226,Hóng hớt,1
135892739776615,Đội trưởng,2
121128797937545,Phóng viên - Biên tập viên,1
806183769417964,Quét Rác  Nhặt Ve Chai.,1
124514427664977,Kế toán,1
133457566693840,Thư Ký,3
620607264699308,Lớp Trưởng,1
440217736144608,Pastry Baker,1
137965399572094,General Doctor,1
104583676263378,to truong,1
229508127252481,Khán giả,1
245263085676643,Phó chủ tịch,1
1566188690302519,Trợ lý Tổng giám đốc kiêm Ban đối ngoại,1
108766139176921,Ban điều hành,2
118160051566583,Supporter,8
141998119173812,PR Practitioner,1
132411516798046,Assistant to General Director,1
1578104515741494,Freelance Translator,1
1466076180290656,Co-founder/Manager,1
149575665055565,xếp xó,1
294482120569523,Cau Giay Street,1
145591488799880,Cheerleader,4
146694148693424,Nhân Viên Phòng Kinh doanh,1
412396028861264,Freelance English Tutor,1
103974979638098,Coach,3
138893586131738,Nhân viên PR,1
144811505548372,HR & Recruitment Manager,1
142381565777921,Fanboy,1
138208449544055,giao vien,2
924439414272194,Des sờ,1
146333528713525,Talent Management Executive,1
112930925387573,Financial Analyst,1
239202539462017,Em Đội Phó,1
395527170586333,tâm lý học,1
122159971167577,Visual Media Producer,1
310458762480549,Captain (association football),3
401484663364414,Business Administrator,1
1402047240114348,Pờ re si đừn,1
159295244082953,Accounting/Finance Co-op,1
411192585615050,Nhân viên văn phòng,1
109611609090381,TP Kinh doanh,1
114080165268762,Presenter,3
290957550940348,Lớp trưởng,2
1566400640305928,Waitress,1
293631940830896,Coolie,1
131251853595686,Chief of Design Department,1
137200559651768,Project Staff,1
101813563206979,International Relations Manager,1
124945784236654,Phát xít,1
1616990815227084,học sinh ciuciu :x,1
689773037773123,Phó bí thư Liên chi đoàn Khoa CNTT,1
200050060047382,Siêu trưởng tầng,1
109151835805913,老师,1
1437258693179153,Ha Noi,1
120573084667619,PR/Marketing/Events,2
470341293156959,English and French speaking Assistant for Haiduong workcamp,1
311237332334236,phó Chủ nhiệm nội dung,1
140288239335664,Technical Team Leader,1
108358339219138,Research Intern,1
163256660355913,Admin,3
224194811052461,Associate Member,1
201425896648510,Ambassador (Hanoi Branch),1
1069464283124227,Inspire Training and Development,1
127601107278283,Ban Tuyên Truyền,1
122254161152169,đội phó,1
138641159501067,Quản Lý Nhân Sự,1
107560785939838,Ambassador,2
140765722610890,Cô Chủ Nhỏ,5
1712945342279707,Vice President of Aiesec Hanoi - Branding and ICX Marketing Team,1
106178132747055,Tưng Tưng,1
143762718975752,Rapper,1
1592598881019508,Incoming Summer VC Analyst,1
151760134882453,GR Intern,1
110106252346147,News Reporter,1
262816520498324,CSS,1
142399105784034,Marketing Assistant Internship,1
625029464247322,Tác giả,1
442231945924178,Film Editor,1
518447611603020,Vice President of Global Community Development Program,1
136956079675356,Marketing Staff,1
803378583017174,Instructor/Full-Time Lecturer,1
140773315951119,Maketing Manager,1
107738079249033,Trainer,1
115756435142536,Director and Founder,1
113523038697750,Boss of all Bosses,1
152013531651636,Stick Breaker,1
340227732688025,Public relations,1
163201157046990,Deputy International Secretary,1
137711246267781,Mediator,1
138106469542719,Tư vấn tài chính,1
137037786331943,Direktur Utama,1
199656537081621,Co-founder  Lecture,1
589240407870372,Waiting Staff,1
244097832337602,Bartender,2
102171446490594,Vice chairman,1
163798480346919,Ads Actress,1
137714889765083,Seiyuu,1
705228919489569,Giải nhất tìm kiếm gương mặt Nữ sinh trong mơ 2013,1
137711749603984,bộ trưởng bộ ngoại giao,1
113409885336453,Lecturer,11
111790908836940,System Administrator,4
1532307557076507,Thành viên đáng yêu OvO,1
213758831969278,Member of Public relations,2
145946532087431,Hội trưởng,3
109331982417984,Pianist,1
115484728499440,Chairman and Founder,1
106065309425342,Businessperson,1
671167336271681,Monitor and Trainee,1
179828022033385,Video Editor/Motion Graphics Designer,1
100568270025737,Content Creator/Editor,1
202446856584099,Sinh Viên Nghiêm Túc,1
926026587415597,Event Manager,1
805362512877404,Chef de Cuisine,1
314969938572415,CV,1
146575685352561,International Member,1
1625227521080798,Consultant - Executive Search & Selection,1
1662713323981970,Trưởng dự án Queenwork,1
147484045284751,Trưởng ban chém gió,1
126372677434536,Faculty of English Language Teacher Education,1
255741334607806,Cán bộ Đoàn,1
780385162047201,Consultant,1
103145553076871,Teacher Assistant,1
150778618277913,Phó Chánh Văn phòng,1
442095232487794,Marketing and Communication,4
1546354135641758,Real Estate Officer,1
718531391578059,Trainer,1
154317504585026,Đội Viên,1
144804335542459,Cô chủ nhỏ :x,1
1405124146466174,hs lớp A2,1
752212924860122,siêu nhân gaoranger,1
107924752573359,Sales Clerk,2
108681355819015,Facilitator,1
100352856716851,Problem Setter,1
460195094025622,Chief Technology Officer,1
135608129812558,Phóng viên,5
150037215009078,IELTS tutor,1
493624600681555,อัลโต แซกโซโฟน   คีย์บอร์ด,1
136995853003211,Player,2
118505541531040,HR Team Member,1
145103645520040,Youth Event management,1
665420973475122,Học tập,1
180617118617311,Klubbvärd,1
140743762646227,Cựu học sinh,4
1480026465607282,member of Marketing and Communication,1
106296142740549,Investment Analyst,1
215844611825356,Vice-President for Academic Affairs,1
164723886910663,Chief of Programming Department,1
1567830630123750,Search Engine Optimizer (SEO),1
154824331199037,Exec Sec,1
489638114530191,Ban truyền thông không biết nói,1
176252755763126,hoc sih,1
142244925787748,Cố vấn,1
515143015267551,Cwalk's Leader,1
138531699508045,Co-Fouder,1
124730004239242,Director of Education,1
286953661396026,Waitress,1
159323860749886,Head of Media & Communications,1
1538920519706403,Receptionist,1
163653880322102,Part-time Tour Coordinator,1
123978807648482,Biên tập viên + MC,1
109487969077915,Receptionist,5
314564792080639,Con dân của Thị Xã,1
1479060178995871,thành viên Ban truyền thông Khoa Luật - ĐHQGHN,1
572756299478727,leader of Organizing Team,1
100959506626496,CEO & President,2
109057015779374,Coolie,3
286534271492142,Team Member - Leader Program Delivery Manager,1
260516860681444,Trưởng ban chỉ đạo Chủ nhiệm,1
115317231816811,Head Master,1
112821758735982,Staff,12
140242539342535,Staff Reporter,1
139432509432466,Sếp tổng,1
138309832860710,Dân Thường,3
157928700963071,Thành viên BTC,1
149288435134753,little fan,1
142166105808863,Lớp phó học tập,2
132366160132028,Co-Founder and Vice President,1
147323258617183,Drama Queen,1
138134236226987,Advisor,1
146581752041594,chủ đầu tư,1
527979690579301,Thành Viên Ban PR,1
109457199081344,Sysop,1
403002199760164,BoT,1
973108862718916,Ban Nhân Hậu,1
591171337660626,Ban Sự kiện & Truyền thông,1
112799362068058,Defender,1
138184272884515,Publishing Director,1
106887519349857,Hacker (computer security),2
169148523256457,Phi Công,1
104059946298210,Assistant Director,3
124655417581077,Event Executive,3
190027017699700,Wakil Kepala Departemen Kajian dan Aksi Strategis,1
1527520067546679,Dự bị đại học,1
153837468056570,Chủ nhiệm,6
516104828529628,Basketball Player,1
657850930997957,The Misfit,1
111292348926483,Youth Development Intern,1
181158541909229,trưởng ban tổ chức,2
103171396408288,Apprentice,2
128799277163044,CSO (Customer Service Officer),1
460680080752258,Head Teacher,1
871546076275795,Nhặt lông gà,1
390781207743600,sinh viên neo đơn,1
107557385966192,Ủy viên Ban Thư ký,2
100101743413449,พิธีกร-ผู้สื่อข่าว,1
104802246240524,Marketing Team Member,1
1421194034845694,Senior Publications Specialist,1
153693001332741,Thành viên ưu tú,1
517669885056759,Ban Truyền thông & Đối ngoại,1
199017643519007,Paparazzi consultant,1
378367231011,ChíNh Trị,1
151640184846207,Logistics Staff,1
1510749092491841,Trainee at Executive Office,1
143996768950618,Sales and Reservation,1
114609435218550,Interns,1
461083947257933,Thư ký chủ nhiệm chính trị (xí xớn hay hóng hớt),1
1392802320979666,học sinh bắng nhắng,1
146258942136094,ban nhân sự,1
138232382873846,Wirtschaftsinformatiker,1
911383198955002,Head of Teacher Management Department at TOPICA Native,1
153837778109636,Sales Manager,1
688873494580551,Coordinator at Customer Experience Management team,1
328330413912618,Export Credit Intern,1
143891695625836,Project Manager's Assistant,1
454449458060281,Thành viên ~ leader,1
597394833685018,Quản trị viên,1
177349822411905,bố mày,1
291989917487601,Bộ trưởng Bộ Phá Hoại,1
108583962499287,Make-up Artist,1
1682697501957608,Clerk,1
107787702583985,Disc Jockey,1
215399061837359,Thực tập viên,1
216505705090143,Full Time Intern,1
1502328376744262,Cặm cụi,1
129821877117189,小小總召,1
1581100178769056,The Schoolbag Project,1
797917360295100,Marketing Communications Manager,1
131568783552567,HR Staff,2
108480009205261,Tax Intern,1
268206169916220,COO,1
1633503340206838,Contractor,1
239765276143851,Quản trị mạng,1
171555109524506,Phó Bí Thư Đoàn Trường,1
137878686245425,Tiền đạo,1
274784949379248,Nhà E3,1
198542366860816,Phó Chủ tịch Hội Sinh viên,2
902205519860722,Quản trò - Hoạt náo viên - MC,1
1574141612819680,Osin PR,1
472560332892816,Sinh viên Văn khoa,1
116248041759090,Saleman,1
331674110177109,Trưởng Ban Kỹ Thuật,1
1411152122507222,Programme Officer (PO),1
506139076123281,Học sinh Sinh viên,4
144732425557217,Phó Chủ tịch,6
143982245711113,fansclub,1
140167329349899,VP Marketing,1
146345085385146,Chuyên viên kỹ thuật,1
1686245104973007,Marketing and Sales / Media Team Leader / Event Coordinator,1
140148106020130,Associate,1
1543651375886996,學生,1
102159846492092,Photo Model,1
523408237720002,Game thủ,1
225545304145688,Social Marketing Manager,1
108146069213926,Executive,1
137354096302747,Planning,1
119372868104491,nhặt lá đá ống bơ,1
103566349734575,Chief Marketing Officer,2
544322239081651,Nhân viên tăng động,1
120027064710537,Cu li trưởng,1
131070076929300,Quản lí,1
116030235115842,Crew Member,2
404072429722657,Cinta Sejati Choi Shiwon,1
149253995089933,PR Executive,1
1558271811098240,Copywriter,1
143910662293533,Staf,1
803699359705455,Analyst,1
537471166310486,SINH VIÊN khoa Xddd&cn,1
288366954559838,Sales Person,1
616848338349076,Con ngoan  trò giỏi  đoàn viên tốt  cháu ngoan Bác Hồ.,1
553144771386764,Quản lý thí sinh,1
109468752412938,Singing,1
156988334364194,TNV,4
146255685390317,Android Developer,3
250568211713194,Chạy loăng quăng,1
148755661814215,Student/DA,1
173483006011021,Sub Team,1
305301406322142,Chief Executive Officer,1
419579714750420,学生,1
134356489939760,General Representative,1
1588994107991389,Lớp Phó Đời Sống,1
1478571239029879,Trưởng ban Thi đua,1
422175061315847,Cameraman / Collaborateur,1
371235442990207,小小宣傳長(公關),1
107438652619139,Creative executive,1
136739003035244,Banjo Player,1
116366735040677,Auditor,1
414002382081882,Ủy viên BCH đoàn hội khoa ngôn ngữ và văn hóa Nga,1
105447916154600,Volunteering,50
338003039732797,Sales Associate,1
1611978609036098,Support Team Member,1
110248555663290,Ambassador,1
132287306810310,Thủ quỹ,1
259424087601304,Content Creator Leader,1
137854699595451,Tổng Giám Dốc,1
103371259761519,TỔ TRƯỞNG TỔ CHÉM GIÓ,1
338961082815976,Husband,1
466831023474576,Student,1
487754887908668,Event Organizing Collaborator,1
563531860453520,Project Assistant,2
149122728450165,Tổng Giám Đốc kiêm Nhân viên,1
1148988838453793,Chef of Human Resource Officer,1
118197931562602,Maneger,1
1403376319973144,Vice President,1
114439328572606,Faculty Assistant,1
799742370052131,Content-Creating Collaborator,1
649599755087605,小球員,1
273249199536754,Praktikant/BFD/FSJ.,1
106165976081489,President,9
144838988867313,Admin Officer,1
143268545698274,Sales and Marketing Assistant,1
143952808968609,Ông chủ nhỏ,1
314539102080219,moniter isp7,1
1481475372066101,MC radio,1
114662925213570,Vice Chairman,1
